date,actual_ret,pred_ret,pred_prob_up
2022-10-28,0.0110522583779264,-0.0029706108135042148,0.5373672873650167
2022-10-31,0.0179791095623391,0.00048807335504708364,0.8028720585144559
2022-11-01,0.0007063220394289,0.006603201251210834,0.8419914744769745
2022-11-02,-0.0033004461983345,-0.00015798831313492537,0.6224798513773838
2022-11-03,0.0082350388422867,-0.0025330275625483362,0.6405197688430675
2022-11-04,0.0098979245511863,0.0014094509595978264,0.7360593771316393
2022-11-07,0.0114237129999912,0.0025560603318398253,0.8620573215375138
2022-11-08,0.0105195384858181,0.00171146006553067,0.8432522926619439
2022-11-09,-0.009190723205946,0.00171146006553067,0.8147727957253637
2022-11-10,0.0331344700171678,-0.0008717022920125512,0.7757184307481703
2022-11-11,-0.0034329707502829,-0.0005191682231268041,0.7354600858326348
2022-11-14,0.0022926439614048,0.0009463098479880884,0.7141742989046437
2022-11-15,-0.0011618104570807,0.001062968240289925,0.625517185243113
2022-11-16,-0.0140439472245832,-0.0026009376499131235,0.7884686767629355
2022-11-17,0.0006465632117995,0.0013239239383602047,0.6809404610312791
2022-11-18,-0.0102715141196219,-0.002575185860485492,0.6175932255465936
2022-11-21,-0.0058987438826134,0.004844765560855045,0.694520106177162
2022-11-22,0.0052827244647239,0.001046202605785477,0.8168817520903551
2022-11-23,0.0095980849357637,0.001016138577394552,0.746663904627149
2022-11-24,-0.0014223674769873,0.003886619389066857,0.8739364029668926
2022-11-25,-0.0122119578853787,-0.004581283858587711,0.7035199583291155
2022-11-28,0.010376699479571,-0.002388978602111943,0.5911785013748971
2022-11-29,0.0159565710229552,-0.003456040093862608,0.47444856811469754
2022-11-30,0.0029521240573329,-0.0035123010304514354,0.49034919613000727
2022-12-01,-0.0185224772979655,-0.0020498999331389845,0.4613527358820357
2022-12-02,-0.0061850557211542,0.0019614959027921364,0.5589902947495957
2022-12-05,-0.01087184057649,-0.0002781684588057011,0.6535270972904145
2022-12-06,-0.0043342048640768,-0.00013483753308344152,0.6942218620908117
2022-12-07,-0.0049349159553271,0.00343132592279333,0.6800737842684536
2022-12-08,0.0075460640591975,-0.006209040049917511,0.2746773019731323
2022-12-09,-0.0067282060426556,-0.009659961253008047,0.26708440138198647
2022-12-12,-0.0002613045856971,-0.006300840641751859,0.2914819723806745
2022-12-13,0.0112540875331657,-0.009624198310665886,0.28587012424561714
2022-12-14,-0.0160836369732573,-0.005222544032646341,0.24935338791520545
2022-12-15,-0.0004024579644612,-0.010382098768240582,0.22145207415358087
2022-12-16,-0.0033317872419305,-0.007503334444898669,0.21644195396943983
2022-12-19,-0.0080590175497698,-0.009079578224882347,0.2631293700159087
2022-12-20,-0.0018617665558187,-0.006773886879754417,0.2955063176964666
2022-12-21,0.0118575427648899,-0.010274802703859344,0.14412454887510018
2022-12-22,-0.0184314123546069,-0.012086783864937533,0.16131473238525545
2022-12-23,0.0014900139449256,-0.015688521483216134,0.1169158188343047
2022-12-26,0.0067313095433414,-0.010740642558982194,0.11035295641770584
2022-12-27,-0.0226921842160949,-0.009852298923783398,0.19939428312820848
2022-12-28,-0.019505361742464,-0.010252213756049119,0.09056754953292445
2022-12-29,-0.0048094362852539,-0.008857705815124862,0.2506740237544859
2023-01-02,-0.0031455694369748,-0.00943227549948145,0.201374294082274
2023-01-03,0.016672043900165,-0.0026017290764772266,0.2108381821350769
2023-01-04,0.0038357532601169,-0.005556760851027835,0.27059453939604816
2023-01-05,0.011118495435249,0.001977180871704348,0.28966924305692776
2023-01-06,0.0259574589079711,-0.00670017586380279,0.10965807028755593
2023-01-09,0.0004764436971971,-0.005467965347463151,0.19924296386897436
2023-01-10,0.0034898270128209,-0.0029919448266553907,0.3513753517291855
2023-01-11,0.0023578576864355,-0.001898764891009594,0.38846697859065155
2023-01-12,0.0088357386497905,-0.003453087361343304,0.4648425194616082
2023-01-13,0.0057543593212407,-0.006644553815373848,0.3491958516330938
2023-01-16,-0.0085662500078411,-0.0002809546060547299,0.6374453476241151
2023-01-17,-0.0046633092843055,-0.004446440677468163,0.6576711727370124
2023-01-18,0.0050624915961661,0.002049916042266414,0.7393595132663942
2023-01-19,0.0062484498465478,-0.0015541244359716503,0.6407275667180765
2023-01-20,0.0138108222957571,-0.008803405203305673,0.3779804347292572
2023-01-25,0.0163688357523419,-0.005313575354283828,0.38236206901223513
2023-01-26,0.0062067730508319,-0.00480481764667716,0.32162897663237067
2023-01-27,-0.0135983726755934,-0.0008028839258850317,0.3892761267218464
2023-01-30,-0.0104153293569959,-0.003055946131730887,0.6815691308023534
2023-01-31,0.010141875035428,0.0011231869974655116,0.5311350795771027
2023-02-01,0.0077582179372992,0.0037509204309593568,0.664748307555301
2023-02-02,0.0046552309848379,0.0009046474625966973,0.6483013218944752
2023-02-03,-0.0171638767393558,-0.0012754098135382376,0.4769843460746087
2023-02-06,0.0055297795258448,0.0013778086161981013,0.6821128744412484
2023-02-07,0.0129394857519153,-0.0036339661740055697,0.5113811580553896
2023-02-08,-0.0008539503777642,0.0010121444418915932,0.7153786406592471
2023-02-09,-0.0047624427301942,0.0012606782840711627,0.6546625056287506
2023-02-10,-0.0069193743522779,0.0026306458275604776,0.6169982296033851
2023-02-13,0.0052619501120334,-0.00499629092674284,0.6414287929680808
2023-02-14,-0.0154247224961583,-0.003949558683926399,0.44948912699074467
2023-02-15,0.0194076304231511,0.003417447359752187,0.6102128614812699
2023-02-16,-0.0098525364205022,0.0035169375337464935,0.625832629775177
2023-02-17,0.0015938596986933,-0.006941596940464826,0.36019926373944255
2023-02-20,0.0015628564376672,-0.0032378236971212057,0.4724061937264552
2023-02-21,-0.0169300936693526,-0.004146951386334105,0.5676385196328477
2023-02-22,0.0088166162646992,-0.003124428027243186,0.6743934365116364
2023-02-23,-0.0063668547483857,-5.1664397425561047e-05,0.7350103970792372
2023-02-24,-0.008690031376398,-0.001275422187086134,0.5750968801290348
2023-02-27,0.0042404886312548,0.0018232398385973566,0.6812296347503959
2023-02-28,0.006197470618205,-0.0028096207410341694,0.5477656835283675
2023-03-02,0.001736654537777,-0.0007904349702585946,0.6502180064314799
2023-03-03,0.0124830772568209,-0.0037917668771240854,0.5438787688785841
2023-03-06,0.000296388327718,0.002957215452658474,0.5316846481474923
2023-03-07,-0.0128452553287647,-0.0068924404272729285,0.3816511565163669
2023-03-08,-0.0052855204476278,-0.006312754878255656,0.3703948018431216
2023-03-09,-0.0101794101635057,-0.003417868716692036,0.46138044299720554
2023-03-10,0.0066636529430272,-0.0013199460993959743,0.2232337156903175
2023-03-13,-0.0258987449689671,-0.0006924437336221108,0.4452079496703627
2023-03-14,0.0130058995004631,-0.009438111098741016,0.12647036313269888
2023-03-15,-0.0007608830814183,-0.010831138495579843,0.047935473127943634
2023-03-16,0.007449338956567,-0.00637959932702215,0.3708285816763277
2023-03-17,-0.0069069928549971,-0.011078995074250707,0.1223753668832962
2023-03-20,0.0038384542309852,-0.011520638840935196,0.05918169696155696
2023-03-21,0.0119078011882072,-0.011265995520134854,0.08265364526468627
2023-03-22,0.0031065162627692,-0.00651797337552537,0.21987225212294093
2023-03-23,-0.0039343445853479,-0.012275146656463272,0.18908311571832825
2023-03-24,-0.0023796801565207,-0.003818866796399459,0.07729321867103882
2023-03-27,0.0106190719100363,0.0006393008217836898,0.24633834372850422
2023-03-28,0.0036811919754997,-0.0040750590750098115,0.16021813796379375
2023-03-29,0.0037736818533966,-0.0030252476936308286,0.21396500973787405
2023-03-30,0.009614639523277,-0.000891308377389841,0.3042873528593006
2023-03-31,-0.0018265583353587,-0.005276545416483847,0.2315362960435162
2023-04-03,0.0032991136054159,0.000271218810187961,0.46770948269038676
2023-04-04,0.0059087098020862,3.431644666440303e-05,0.5317183937666314
2023-04-05,-0.0145246011812787,-0.005625739097721344,0.3147284386972773
2023-04-06,0.012599062739488,-0.00753914747855944,0.16058904531547827
2023-04-07,0.0086637396761917,0.00037574764113826396,0.2546909393851788
2023-04-10,0.0141426959128363,-0.003407947509619387,0.4070435446555174
2023-04-11,0.0010905169267445,-0.002143162043481353,0.4447064351953618
2023-04-12,0.0043111777745323,0.000489342703032695,0.48234798912184845
2023-04-13,0.0038300115976914,-0.002903965171576421,0.5167832243038536
2023-04-14,0.0017173722991605,-0.0072216094373946955,0.4142349133083399
2023-04-17,-0.0018729362381977,-0.002070192962306294,0.526281498928005
2023-04-18,0.001550668088897,-0.004151626381954044,0.43195507013518464
2023-04-19,-0.0046592366783659,-0.0042101357422454294,0.5733071750518134
2023-04-20,-0.007326499093387,-0.007526872640396814,0.41683358739603465
2023-04-21,-0.0082480390243322,-0.004767366406628319,0.45040358884004345
2023-04-24,-0.0137577680894445,-0.003497639819732928,0.5641250509433922
2023-04-25,-0.001684811963023,0.007189217596049617,0.6667926246886502
2023-04-26,0.0044090790691857,-0.0007607295649132628,0.6555081877266032
2023-04-27,0.0022892188636287,0.008870341755231808,0.678707606665913
2023-04-28,0.0090969047042266,0.006493228221991627,0.6329608427552106
2023-05-02,-0.0091488742500844,0.0003320809021099475,0.5740961895508998
2023-05-03,-0.0001839139288,-0.008489975113167614,0.25704801227461804
2023-05-04,0.0048941593257971,-0.004847268160864257,0.4392868303648402
2023-05-08,-0.0012541632892091,-0.005940989172929646,0.35525149611304374
2023-05-09,-0.0054129006821019,-0.004928174611869484,0.40959678665929805
2023-05-10,-0.0022095202783116,-0.00144223010504741,0.6502580410264169
2023-05-11,-0.0062741576865947,-0.007419460789474167,0.3477652239489912
2023-05-12,0.0015863504558861,-0.004606238089937362,0.362623753463916
2023-05-15,0.0003589006387834,-0.008079119970276605,0.39371181424341634
2023-05-16,0.0057971176843265,-0.002090236857592928,0.5640622225667764
2023-05-17,0.0082793892584733,-0.009017193091961608,0.21982681170728105
2023-05-18,0.008861786921158,-0.005254398338768219,0.2477765117498076
2023-05-19,0.0075723589316147,-0.00436002820766697,0.2846929208629765
2023-05-22,0.0040861543439545,-0.0038048823540048965,0.5272695364671297
2023-05-23,-3.894839338336453e-05,-0.0035698203186269014,0.5201355076788321
2023-05-24,-0.0049823028638327,-0.002097513645110481,0.44431073962409684
2023-05-25,0.0016114210976923,-0.0006747343549160833,0.4782137466698646
2023-05-26,0.0103843416037872,-0.00407989897375302,0.48457154531016283
2023-05-30,-0.0032541519116771,0.0016014498665178445,0.6142775073438116
2023-05-31,-0.0030896068134547,0.008031443817702974,0.6872699942402608
2023-06-01,0.0124514956466894,-0.0005394366961321515,0.6308768522728655
2023-06-02,0.0053864877964091,-0.006646680136866869,0.3477970616295933
2023-06-05,7.264371510729006e-05,-0.003497639819732928,0.5604091459597461
2023-06-07,-0.0018176778914229,-0.0019556012965891646,0.6076575178422795
2023-06-08,0.0115423757788093,-0.00046090143915339957,0.48924284778227517
2023-06-09,-0.0044815472378409,-0.0009542791417848012,0.5179023853971909
2023-06-12,0.003265433008126,-0.0033092234355961486,0.5636973263524366
2023-06-13,-0.0071789892936724,-0.0038044325434951707,0.26558775211960206
2023-06-14,-0.0040324332228243,-0.003261120635026365,0.28559147724267525
2023-06-15,0.0065911253012975,0.0004109755287148625,0.3452791937254967
2023-06-16,-0.0062231710461251,0.002695820430866709,0.6136473328547069
2023-06-19,-0.0017605064371668,0.003499973376393729,0.7018509743264923
2023-06-20,-0.0085898661004888,0.005909960995828464,0.6131111688734122
2023-06-21,0.004277168138957,0.004022052547985253,0.5024820739191883
2023-06-22,-0.0091406190466614,0.00425385661149691,0.7326688728841961
2023-06-23,0.0046969401025105,0.00325895816036962,0.7473207323746227
2023-06-26,-0.0003137352139281,0.004159657812574946,0.7231011341217688
2023-06-27,-0.0066853742674997,0.0004241502877711455,0.5824581017636884
2023-06-28,-0.0055414370002209,-0.00044033999205281185,0.659713295480755
2023-06-29,0.0055765351874033,-0.0006086343195935841,0.6036899978691509
2023-06-30,0.0147832565987888,-0.0003910923276431901,0.6332236923563127
2023-07-03,-0.0035259420106168,-0.00285417096823596,0.5887450039730652
2023-07-04,-0.0055333251532001,0.005410493226207672,0.7008298841973495
2023-07-05,-0.0088447382908993,0.00340028221352309,0.7547979110776616
2023-07-06,-0.0116389273734256,0.0011404969306247049,0.7484084460893404
2023-07-07,-0.002381420506877,-0.002899019566421549,0.35775714266813835
2023-07-10,0.016442801289882,-0.009615687826766422,0.4002315057899389
2023-07-11,0.0047613483213444,-0.0068214456345753885,0.4719626404428518
2023-07-12,0.0063918761161518,-0.002825790499279899,0.29415962441180354
2023-07-13,0.0142045829029067,-0.0021280556978205086,0.60627182653353
2023-07-14,-0.0035446838327155,-0.00046533242142596573,0.5828204443814088
2023-07-17,-0.0043546375987215,-0.0026215907552595147,0.47747703324230534
2023-07-18,0.0002377364434318,0.0010626484837497928,0.4384383415705131
2023-07-19,-0.0030757617168788,-0.0034472979139821324,0.5051851546452923
2023-07-20,0.0036583604301769,-0.0027111228914963315,0.5441429693932646
2023-07-21,0.0071664914822742,-0.004847542671331445,0.5161320642016539
2023-07-24,0.0030123536783861,-0.0030802688321304385,0.5682188641029043
2023-07-25,-0.0168684505094951,-0.003469667780242472,0.3850767383059885
2023-07-26,0.0044070992797839,-0.004937070441017963,0.29937961297443233
2023-07-27,0.0017305789094228,-0.0012319228733570886,0.46696139004402853
2023-07-28,0.0092580180040133,-0.005722464151195305,0.7381426735916713
2023-07-31,0.0130161376466295,-0.0026101264165989645,0.651424274908204
2023-08-01,-0.0191544105086567,-0.003082591873417687,0.36507500047932373
2023-08-02,-0.0042437049742174,-0.00727412612407966,0.2761254333411897
2023-08-03,-0.0009945874530323,-0.008265557099444138,0.352162734814698
2023-08-04,-0.008523233765584,-0.006238404696103439,0.4204436574301626
2023-08-07,-0.0026112157371294,-0.00821279877069407,0.46021174213437643
2023-08-08,0.0120254002674977,-0.005919036001620544,0.44891605768339554
2023-08-09,-0.0013674743040716,-0.006396922355095882,0.39747534418644004
2023-08-10,-0.0039670211976572,-0.0042830078379698655,0.5237248401651012
2023-08-11,-0.0078998808792816,-0.0013748991500807679,0.4866105387429877
2023-08-14,-0.0177498670655218,-0.00012523321495652538,0.585663998866651
2023-08-16,-0.0022951200147476,0.0030040028687510286,0.5494972591296448
2023-08-17,-0.0061102621266613,0.0028715022841937087,0.8155949286603013
2023-08-18,0.0017154373584169,0.001901984617434256,0.5585782650835598
2023-08-21,0.0027624436916875,0.002237669855617322,0.8558639009139974
2023-08-22,-0.0040786794479972,0.0034045960316622863,0.6887787528822529
2023-08-23,0.0127619623950181,0.0020647294227821543,0.6502267729125177
2023-08-24,-0.0073327043764024,0.0025073188717164747,0.5997675690125259
2023-08-25,0.0095881269054309,-0.006886581500971554,0.6581742386670824
2023-08-28,0.0034343591003125,-0.0007953392408245845,0.7374558322369266
2023-08-29,0.003543648029626,0.002414717065005181,0.6393736329612699
2023-08-30,-0.0019345427323793,0.0035130138188536855,0.6233946371504375
2023-08-31,0.0029062633981959,0.002462053709110133,0.6262619182234288
2023-09-01,0.00809598343114,-0.002170086731760695,0.5039969112222618
2023-09-04,-0.0009174081735343,-0.0008825407930923045,0.7522927458981379
2023-09-05,-0.0073229077687546,-0.0034706072193207253,0.5241472707632628
2023-09-06,-0.0059003223058615,-0.002961419547974746,0.42230330625234536
2023-09-07,-0.0002276321944547,-0.004263377332628843,0.4811414499379978
2023-09-08,0.0036046240857352,-0.0018371301404715612,0.5670977120210595
2023-09-11,-0.0079710481615018,-0.0034317359212642467,0.4622508327952656
2023-09-12,-0.0007414302054398,-0.0012003049525813032,0.37422523987171274
2023-09-13,0.0149544938891885,-0.00677234885665048,0.4381943182002915
2023-09-14,0.0109738508421095,-0.0034629518867078843,0.5333527852541827
2023-09-15,-0.0102628412368384,-0.006178153651008824,0.5843359620238339
2023-09-18,-0.0060421732226103,-0.0010234800125308759,0.38534638042819375
2023-09-19,0.0002070737170294,0.00413448540466252,0.6134657889075689
2023-09-20,-0.0176448157825159,-0.003845075674931059,0.5633283867373357
2023-09-21,-0.0027234194930212,0.00022928972736327696,0.444161683389723
2023-09-22,-0.0049441635201636,0.0021733424106875816,0.6702693956567167
2023-09-25,-0.0132253532416948,0.0027812334858104424,0.8051300927688961
2023-09-26,0.000852265861118,0.0006884630037877923,0.5398793086169029
2023-09-27,-0.0243834399613369,0.003832176589666792,0.6955114231827865
2023-10-04,-0.0008691512184002,0.001743392706442683,0.7457276201568569
2023-10-05,0.0021320241725781,-0.002438032077197477,0.5408529073980535
2023-10-06,-0.002556477695049,0.005597789482107654,0.8130537289744193
2023-10-10,0.0195775171295951,0.00044369806275381453,0.7667097301156346
2023-10-11,0.0120652998128667,-0.0026504314159524487,0.5871009596280559
2023-10-12,-0.009590893559161,-0.002237033440275299,0.7712385134102937
2023-10-13,-0.0081392161763176,-0.0012658917622123812,0.3963627318655325
2023-10-16,0.0097745860854914,0.002075864311786437,0.5626216720441014
2023-10-17,0.0009872491289941,0.0025674616958833853,0.6423429017814999
2023-10-18,-0.0191872071875929,0.0007844982412678548,0.5578613243461268
2023-10-19,-0.0170330577024362,0.0029664094116710095,0.5582966899863423
2023-10-20,-0.0075993282058615,-0.00015749150889219295,0.39402128792646096
2023-10-23,0.0111760818840025,0.0019178178175047608,0.4465055874345363
2023-10-24,-0.0085702531016655,0.007500994730267308,0.6984210789971754
2023-10-25,-0.0274948951493163,-0.0030047000380125227,0.5213708503952
2023-10-26,0.0016210734358423,0.0025751524501299015,0.677190446745433
2023-10-27,0.0033554750820181,-0.004133431330154848,0.3261075988497637
2023-10-30,-0.0141921162318974,0.006073449173411468,0.5216838140550991
2023-10-31,0.0102936786899947,0.006868725050007871,0.5269839475451944
2023-11-01,0.0178962207136672,-0.0038175305632476876,0.4208881437467274
2023-11-02,0.0107059131926749,-0.0031060762990367864,0.7767436361487158
2023-11-03,0.05504899500988,-0.007219889181426148,0.3839981162010906
2023-11-06,-0.023618608242641,0.0044954322084087865,0.6495899734230686
2023-11-07,-0.009182936869724,0.002600362627370402,0.639157347703133
2023-11-08,0.0022521510127839,0.004598310413268077,0.5074205838826596
2023-11-09,-0.0072032299945288,0.002038267660851334,0.5499842213875686
2023-11-10,-0.002451480633228,0.002598192088128544,0.5651642394299343
2023-11-13,0.0121936342458601,-0.0015783907415093266,0.6348409952412932
2023-11-14,0.021716653704769,-0.0021690669475494294,0.6062123639116078
2023-11-15,0.0006070534976414,-0.002490154623754807,0.6311843729636946
2023-11-16,-0.0073940994759951,0.001916518649731688,0.6770381758735677
2023-11-17,0.0086071020467155,0.0018481306619350358,0.6704343345050763
2023-11-20,0.0076855477251704,0.004680691268037132,0.6344004022050534
2023-11-21,0.0005097448996496,0.005852063589776925,0.7914676771526469
2023-11-22,0.0012970841302415,0.0028342994659328645,0.7955212725671037
2023-11-23,-0.0073150763478153,0.003094640100969814,0.6746850463587863
2023-11-24,-0.0003885992248875,0.0030121214651141763,0.7307867120324493
2023-11-27,0.0104038471651382,-0.0004538491198244004,0.5788868804624577
2023-11-28,-0.0007735685896426,0.0023487368614503686,0.6165209587024821
2023-11-29,0.0061245270667855,0.00316110060607063,0.7026187237163762
2023-11-30,-0.0120153023774083,0.0026040600679498923,0.5655947329055674
2023-12-01,0.0039601960935442,-0.0015238024246570561,0.5610485776617515
2023-12-04,-0.0082528122355984,-0.0007832073303519677,0.6296159153295331
2023-12-05,0.0004409118127561,-0.0015564833243000798,0.5253519204954874
2023-12-06,-0.0013273317971966,-0.0011477127859488069,0.4974292758568885
2023-12-07,0.0102916723412285,-0.0034178535433596457,0.4760031320360272
2023-12-08,0.0029782640624427,-0.0018411081643034748,0.369061856172808
2023-12-11,0.0039165134252137,0.00020797760287109837,0.5973578522979927
2023-12-12,-0.009754473461176,0.0020735992590554587,0.6552340389566017
2023-12-13,0.0132627309058168,-0.0005545145532237569,0.4727026471916235
2023-12-14,0.0075885197761467,0.0027899376206532104,0.5670269213574709
2023-12-15,0.0012864445620861,-0.00411782894906357,0.5718798722746055
2023-12-18,0.0006581753203764,-0.0009928963514202144,0.6045256565919465
2023-12-19,0.0176548379075374,-0.0037821633473544866,0.5079692565334643
2023-12-20,-0.005477237952463,0.000502748514044375,0.5383279782730012
2023-12-21,-0.0001961715776754,-0.0025568285143276206,0.4188452321368989
2023-12-22,0.0011841373137357,0.002862908064417944,0.6692969693921671
2023-12-26,0.0041832161292356,0.001416047459817666,0.5645745978723955
2023-12-27,0.0158597913559983,-0.0023843060155028135,0.6073563983683204
2023-12-28,0.0054571983045637,-0.0029346601571613173,0.3633735516527575
2024-01-02,-0.0236882703241052,0.006140117491311352,0.8490030516047422
2024-01-03,-0.0078124043707825,0.0054995685842321425,0.7537546185326133
2024-01-04,-0.0034616982933917,0.005961811626717946,0.8095187259695757
2024-01-05,-0.0039876459300121,0.00599823580505845,0.6055272782643002
2024-01-08,-0.0025657736933419,0.0041120805590965015,0.8521490473978311
2024-01-09,-0.007548211304071,0.00274564153081935,0.780911291174933
2024-01-10,-0.0006729303220138,0.0032480300404841185,0.8039552359675151
2024-01-11,-0.0060095100822179,0.002131316097322864,0.7785254834076089
2024-01-12,0.0003722005808111,0.00037889272931727343,0.6383480324030917
2024-01-15,-0.0113067981649503,0.002102636748970123,0.7520807108690502
2024-01-16,-0.0250099688254064,0.0007721906068772173,0.7447747717838566
2024-01-17,0.001698134511443,0.0008554244112522381,0.4470593692177667
2024-01-18,0.0133124149357959,0.002353666987251558,0.7759576773933569
2024-01-19,-0.0033987665108394,-0.0013697739994999148,0.534496235392935
2024-01-22,0.0057698381378044,-0.0009826183735026628,0.47880008636702454
2024-01-23,-0.0036052824856582,0.00372665860624519,0.5143982074601539
2024-01-24,0.0002631562981409,0.0027005577169485363,0.6613284753008286
2024-01-25,0.0033219533873101,-0.000587864797251008,0.5252438862423137
2024-01-26,0.0088729517040961,-0.012817858062561084,0.20069775830440179
2024-01-29,-0.0007360795298199,-0.0015026414516938675,0.7367735319819319
2024-01-30,-0.0006885646501961,0.00047143813403038306,0.6619805445456732
2024-01-31,0.0180060623701177,-4.907191088678617e-05,0.5400967889282287
2024-02-01,0.0282505210657744,-0.0011342772075976502,0.42636533186798425
2024-02-02,-0.0092190979880593,0.0008366673538440456,0.7284127729518052
2024-02-05,-0.0058480943679786,-0.000564573375290837,0.5747387204841816
2024-02-06,0.0128738438655835,-5.639836233847091e-05,0.6078957537066141
2024-02-07,0.0041071588739862,0.0026278644764082177,0.6514555306588475
2024-02-08,0.0111273339937882,-0.0047883591448013895,0.5231899279455896
2024-02-13,-0.0110891714442198,-0.0006683443268060711,0.5877519053347166
2024-02-14,-0.0025295090881902,-0.00037903775020198315,0.6670541255136875
2024-02-15,0.0132865047781853,-0.0007658671711102599,0.6645872602251885
2024-02-16,0.0118221987835109,-0.0010504612646386432,0.5618128773095445
2024-02-19,-0.0084188543446499,-0.002180208138469671,0.5702435811166303
2024-02-20,-0.0016870332181788,-0.004294058469410817,0.2736055903959875
2024-02-21,0.004122181714127,0.0005668643057307803,0.3494853558620656
2024-02-22,0.0012865790591982,-0.001047492531802911,0.27285955876774803
2024-02-23,-0.0077595322708869,-0.0033565875997813954,0.40399827458382853
2024-02-26,-0.0083572022008731,-0.0007448025343426242,0.6084261646159601
2024-02-27,0.0103234742968334,-8.969912997055989e-05,0.4080286035742355
2024-02-28,-0.0037509605517556,-0.004172230060237206,0.5208878066241138
2024-02-29,0.0120039886821832,0.00010673366256743711,0.5497148768486294
2024-03-04,-0.0093432466404683,-0.0015217468563289934,0.5357926145669052
2024-03-05,-0.002990047380762,-0.0026468307835534905,0.6874509179660958
2024-03-06,0.0023179713580177,-0.0024936940764189357,0.39211643642329885
2024-03-07,0.0122862597653634,0.0002757617482899729,0.8448652263516971
2024-03-08,-0.0076814124020812,-0.0004114596818511158,0.6319253309311489
2024-03-11,0.0082259690867303,0.0009028954022183546,0.7340517713335685
2024-03-12,0.004375511596276,-0.001235072497925219,0.7607345808407224
2024-03-13,0.0093084427174439,-0.008979473995057434,0.2870328118968258
2024-03-14,-0.0192816431096938,0.000400538096352011,0.3674920902343783
2024-03-15,0.007099277296426,-0.005144738759343565,0.36967129937969256
2024-03-18,-0.0111082926057584,-0.0015785076693249692,0.41261625342441804
2024-03-19,0.0127080012791536,0.0009532012171479471,0.5342486888258482
2024-03-20,0.023773387747612,-0.0015649190222689804,0.6136418878201624
2024-03-21,-0.0022894864473066,0.0037310851719290447,0.5522342287325849
2024-03-22,-0.0040064725774966,-0.0018365993792887373,0.6366305025264442
2024-03-25,0.0071051100953569,-0.00015468203195335991,0.5094695972460627
2024-03-26,-0.0007184064747862,0.0007522633266153238,0.606979080448952
2024-03-27,-0.003377613905978,-0.0022852903592661964,0.5794517603720537
2024-03-28,0.0002949503430613,-0.004764522414871266,0.5363836663910572
2024-03-29,0.0004477212700528,-0.0039262472248657275,0.3876120742192342
2024-04-01,0.0019269159682782,-0.004890829068381829,0.5689961670970426
2024-04-02,-0.0169194146961961,-0.004419260303543562,0.47284243514725716
2024-04-03,0.0128576529483854,-0.0038747093450387606,0.4071804903934983
2024-04-04,-0.0101866461549029,-0.007136587764331526,0.4544382096840008
2024-04-05,0.0012666012967539,-0.005008828398206271,0.43666339092659123
2024-04-08,-0.0046064760100685,-0.008119506472658102,0.4348967940640414
2024-04-09,0.0006651737457294,-0.002757359725255637,0.3709064423439293
2024-04-11,-0.0093305655043591,-0.000938707831343444,0.7157330994190493
2024-04-12,-0.0042561603789268,-0.0009624659915728776,0.6061604517469775
2024-04-15,-0.0230310593010996,-0.000789921013106304,0.6542592659837897
2024-04-16,-0.0098002058962753,0.001976684552049101,0.6489532534482253
2024-04-17,0.0193610805823123,0.000346616390435939,0.5887229905948436
2024-04-18,-0.0163935588336556,-0.002367809831655097,0.4988262189585167
2024-04-19,0.014395131075056,0.0013768784692742887,0.5063278357956702
2024-04-22,-0.0024445700479844,-0.0047660091714492704,0.5214801094027005
2024-04-23,0.019903389169646,0.0014741886226028573,0.7411082536321868
2024-04-24,-0.0177707212325728,0.0005903126486061488,0.6085609780349646
2024-04-25,0.0104864772343464,0.0002680307090520252,0.7283695598097332
2024-04-26,0.0116435967390451,-0.0015521887211880322,0.6801684138515692
2024-04-29,0.0017176321724505,-0.0010626612938683892,0.6478610383583919
2024-04-30,-0.0031288915738123,0.002099201906890323,0.7953739984316475
2024-05-02,-0.0026192676552083,0.0009213215532546324,0.6720508737631621
2024-05-03,0.0213388642679133,0.0010782086660528105,0.5787521527345068
2024-05-07,0.003901884897342,-0.0036737591442695602,0.37805063238393927
2024-05-08,-0.0120612985672146,-0.0043973024497414625,0.5663212393197368
2024-05-09,0.0056951091193973,-0.0013045766766288807,0.5298004066952878
2024-05-10,-0.0001539916847539,-0.004032274520047228,0.40160657858396254
2024-05-13,0.0011470349674036,-0.003966716970016433,0.3453106555336557
2024-05-14,0.0082650825937857,0.0003767204207579267,0.6733036732422468
2024-05-16,-0.0103622573105379,-0.002387909472324533,0.3904209103454756
2024-05-17,0.0064096686089678,0.00010406472369672319,0.2989086539493956
2024-05-20,-0.0065711720596199,-0.0003190607264866468,0.5687082199612754
2024-05-21,-0.000264334649203,-0.0009563522430934892,0.5369665880957549
2024-05-22,-0.0006060305735067,0.0007148679557417439,0.624926454534693
2024-05-23,-0.0126484981127124,-0.0014447895702282953,0.5849132412312853
2024-05-24,0.0130819392008962,-0.0023731112590809392,0.5912873815628485
2024-05-27,-5.141539231079406e-05,-0.0006446284053991857,0.5536814380105542
2024-05-28,-0.016870301867887,-0.002136705328127432,0.5753647911888334
2024-05-29,-0.0157586730291257,-0.0006538867032751093,0.5826689912978552
2024-05-30,0.0004097147987121,-0.003753895854902897,0.46224168782442976
2024-05-31,0.0172967854523742,0.00334750274483717,0.504662528190861
2024-06-03,-0.0076413662191265,0.0048720090365309,0.7840624421830517
2024-06-04,0.0102400177237704,0.002452381262662262,0.8410565630781414
2024-06-05,0.0122577137522563,0.006084034348056838,0.6756929978273888
2024-06-07,-0.0079280040015747,0.005005276301621224,0.5745928298806932
2024-06-10,0.0015351922652468,-0.00013811626636442404,0.651265155267999
2024-06-11,0.0084108500080635,-0.0034552893494361556,0.3272647794198922
2024-06-12,0.0097464596478866,-0.0022945190130042536,0.4894082092809699
2024-06-13,0.0012805376379585,-0.0005523579186467338,0.7469505269443856
2024-06-14,-0.0052048996927061,-0.003945097500937293,0.5256712272444327
2024-06-17,0.0071968095782013,-0.002952255652303639,0.5454613877666997
2024-06-18,0.0120154288876248,-0.002816038297937153,0.4883102044726639
2024-06-19,0.003675320285728,0.0015934823011234426,0.6064300062578503
2024-06-20,-0.0083585821837246,-0.005546912061005663,0.6397276911088824
2024-06-21,-0.007039147896072,0.001798374522193361,0.5205288679000813
2024-06-24,0.0034879221946111,-0.005648042247524535,0.5738782054751336
2024-06-25,0.0063451898345698,-0.002968294687884005,0.514202793818752
2024-06-26,-0.0028657990851543,0.002818142484160282,0.5836312301413468
2024-06-27,0.004930248544368,-0.0038072836160031615,0.287590429381079
2024-06-28,0.0023169769010715,0.003185732550495474,0.5819195887590874
2024-07-01,-0.0083972870286084,0.0030883122458829734,0.6166591095021788
2024-07-02,0.0047176075455253,0.002574512742276051,0.6113063658931214
2024-07-03,0.0110092855083694,-0.0008179810996126949,0.5618782427190901
2024-07-04,0.0131139158527435,0.00129204910542612,0.5955541363789059
2024-07-05,-0.0015629401135086,0.0004010254375595221,0.26587256422571687
2024-07-08,0.003360619671775,-0.001540500331501354,0.38993792263272303
2024-07-09,0.0002127151351345,0.0013685024124745198,0.5552396916330459
2024-07-10,0.0081120851007439,0.0007215148045975198,0.7585201200986094
2024-07-11,-0.0119513978330543,-0.0018160638698016642,0.5157060956591304
2024-07-12,0.0013711281774249,0.00036321144576976355,0.610441512016428
2024-07-15,0.0018054801386462,-0.0006483959003696587,0.4862208618291131
2024-07-16,-0.0079868991736171,-0.00674597705302599,0.3811148561196975
2024-07-17,-0.0066835827626796,-0.0018584052341696225,0.5827612629262806
2024-07-18,-0.0102815769566451,-0.00021846355619388095,0.534572328134239
2024-07-19,-0.0114950617875297,-0.004975965925812284,0.4827737358456971
2024-07-22,0.0038932477216135,0.0008500815412584337,0.5609204565854429
2024-07-23,-0.0056316794425006,0.001696604105785602,0.434384326781781
2024-07-24,-0.0175747206332026,-0.002259352847906034,0.38162645419818486
2024-07-25,0.0078088792874,-0.0028398226852415455,0.22691766837869226
2024-07-26,0.0122349605241414,-0.0026504928428418132,0.41048870077982347
2024-07-29,-0.0099351801650202,-0.0006804238440587847,0.2844420352050515
2024-07-30,0.0117992684758805,0.00416506873578313,0.6852948832564395
2024-07-31,0.0025196602598995,-0.003782848676427218,0.3354516884775154
2024-08-01,-0.0372219056721832,-0.00037453391187489225,0.18994623661532192
2024-08-02,-0.0917610577167833,0.0009545246560007165,0.45766093280950815
2024-08-05,0.0324786288564524,-0.004903796011437299,0.3419520828982716
2024-08-06,0.0181753180247801,-0.0019715370721102125,0.5196957454741268
2024-08-07,-0.0045579321621431,-0.002507316783309008,0.5149387014745935
2024-08-08,0.0123224160627728,-0.0006195430806851109,0.2896492729939416
2024-08-09,0.0114737379083473,-0.0036686039734788764,0.3193753532408436
2024-08-12,0.0012214208167602,-0.003467474426685592,0.43583188538427464
2024-08-13,0.0087353384934472,-0.0011625316347159756,0.5474293003977948
2024-08-14,0.019743308938243,-0.0027666119808247435,0.47205994917162586
2024-08-16,-0.008515221076025,-0.0033544527214768613,0.41914641298796085
2024-08-19,0.0082927458903601,-0.002526708896276088,0.3408609136251988
2024-08-20,0.0016673586978788,-0.00832995103169066,0.30123821901038483
2024-08-21,0.0024182824978593,-0.0006544358879905601,0.5177202194216468
2024-08-22,-0.0022109833459325,0.003239247675304591,0.5690456034739351
2024-08-23,-0.001363038898364,0.003866710421556928,0.5187569031241295
2024-08-26,-0.0032521198979393,0.002990562530241762,0.5700573856757681
2024-08-27,0.0002156502607313,-0.0004495098897182847,0.3944920415715637
2024-08-28,-0.0102950960771197,0.00025169680088106365,0.367949171550883
2024-08-29,0.0045085046358908,-0.005429457409897699,0.3732773780814826
2024-08-30,0.0024984561043419,-0.0009725981993107159,0.2734561972903872
2024-09-02,-0.0061246480477139,-0.0059986553402497644,0.21478510058578779
2024-09-03,-0.0319657828173003,-0.0014536548994695366,0.25363794704504783
2024-09-04,-0.0020557383653052,-0.006097080577619438,0.18214811703135497
2024-09-05,-0.0121959877090205,-0.007129232645978167,0.10488877961379926
2024-09-06,-0.0032872686441187,0.0014503162463262282,0.36003421626711485
2024-09-09,-0.0049413465079632,0.0027709613922988156,0.683628738412185
2024-09-10,-0.0039946050576444,0.006462687509378227,0.6022848061214289
2024-09-11,0.0230943158823544,0.0038169212520667213,0.35118796855424134
2024-09-12,0.0012899467548761,0.004076316014787904,0.495221850800322
2024-09-13,0.0020906836468217,0.0004072818627449494,0.5304931877819216
2024-09-19,0.0048587598509115,0.0010912872426055464,0.5292750860405385
2024-09-20,0.0033260350407493,0.0006733356822153304,0.47248790145991465
2024-09-23,0.0113382022439756,0.0020668378650250583,0.6524474516260687
2024-09-24,-0.0135273677153548,0.0075977360967254305,0.46727314268080145
2024-09-25,0.0285712567712739,0.0015201465341251432,0.4765100949373366
2024-09-26,-0.0081896968964141,0.005103753405339808,0.5415847040052238
2024-09-27,-0.021556990053801,0.0032515861281418273,0.44076672498083175
2024-09-30,-0.0122524306959617,0.0034250954123519585,0.7545255469081931
2024-10-02,0.0031258551390518,0.0035284310598228527,0.6099607654871649
2024-10-04,0.015702752533337,0.0017613041716344592,0.7539056485451942
2024-10-07,-0.0061559465374632,0.005569011242405301,0.5487017999335844
2024-10-08,0.0018484578346544,-0.0016570854314350073,0.7795328147026651
2024-10-10,-0.000866039195249,0.0017087496286188868,0.5190487674785876
2024-10-11,0.0101069784918577,-8.099037678718673e-05,0.48735233179094567
2024-10-14,0.0038655184205751,0.004967681414487087,0.8031661197707446
2024-10-15,-0.0088066307634759,0.0004294424923907913,0.6021223288832092
2024-10-16,-0.0004061567284354,0.0028124062796289705,0.7950285598850809
2024-10-17,-0.0059502935445285,-4.364912125636537e-05,0.43030191654291855
2024-10-18,0.0042702719765079,0.002838542286121293,0.26598818149500414
2024-10-21,-0.0132237291999723,0.003831647372071463,0.5610942703367975
2024-10-22,0.0111870451387225,-0.000911130915160213,0.6149531298869428
2024-10-23,-0.0071767364290602,0.003867294990296802,0.6103616786599746
2024-10-24,0.0008674941968802,-0.0017775461882604184,0.597338815547026
2024-10-25,0.0112247844059947,-0.0013316934246032305,0.42213928992601896
2024-10-28,0.0020534477018987,0.0045938010893010785,0.48474954088195843
2024-10-29,-0.0092141438107766,0.0009672579081445784,0.5886068842970391
2024-10-30,-0.0146179063253306,-0.0005686338172941003,0.6481444140995386
2024-10-31,-0.0054094367283408,-0.0011090871050977846,0.6843690264411075
2024-11-01,0.0181673297057152,0.0036847476342860026,0.6812346448912356
2024-11-04,-0.0046807484048967,0.0028759904216412004,0.7140042976644067
2024-11-05,-0.0052019516611272,-0.0035841871807403697,0.40520583437070334
2024-11-06,0.0004368055543757,-0.004404429941157079,0.33077247599023357
2024-11-07,-0.0013578423321654,-0.005012701801078489,0.3732220128722778
2024-11-08,-0.0115811623081656,-0.007697960318849986,0.35903157753836384
2024-11-11,-0.0195809001434463,0.006874750554595673,0.5027259575189321
2024-11-12,-0.0267341138648209,0.0028516037322748105,0.5340210983535831
2024-11-13,0.0007361547415332,0.0026182036825504284,0.5731601306887267
2024-11-14,-0.0008271777993913,0.0037716822253081104,0.5337970592233636
2024-11-15,0.021372384521836,0.004980580523135766,0.6809211475009657
2024-11-18,0.0011657513331879,0.003981334337836435,0.6407251373650611
2024-11-19,0.0041742083603901,0.003934017278079634,0.5087885355540854
2024-11-20,-0.0006689610398336,0.0006618743143109058,0.42143174909600584
2024-11-21,0.0082740487325896,0.0029473164042983814,0.5887777226588332
2024-11-22,0.0131466392084913,0.00022919778595396388,0.4604245118741158
2024-11-25,-0.0055314996522266,0.0059131317792333014,0.667469456255514
2024-11-26,-0.0068877650662289,-0.004311335949575098,0.34764839653556073
2024-11-27,0.0006430059350135,0.0053265914251681284,0.6328318482276066
2024-11-28,-0.0196596246695506,-0.004244085568863699,0.43897654773189076
2024-11-29,-0.0005824384785837,-0.0062758891122587125,0.47912291709681315
2024-12-02,0.0184158048904468,6.423346342502017e-06,0.31867476563809094
2024-12-03,-0.0145446854029032,-0.005964436080668873,0.541024836789174
2024-12-04,-0.0090300969307817,-0.0058355212783818625,0.2337957475703192
2024-12-05,-0.0056221798560889,0.003130974642104477,0.6496572867946202
2024-12-06,-0.0282264173297273,-0.01388518987968769,0.32511145371021716
2024-12-09,0.0239672280598179,-0.0024463056568958573,0.3185294506654162
2024-12-10,0.0101516194777406,-0.001127118847269438,0.5308873076356176
2024-12-11,0.0160868346278153,-0.00013284370745610455,0.31599483109852905
2024-12-12,0.0049592391927282,-0.0016252659389855426,0.486258797465611
2024-12-13,-0.0022033026333074,0.0006409340852086103,0.5379122001591071
2024-12-16,-0.0130052098078827,-0.0006873476836498398,0.5230216685433203
2024-12-17,0.0111794965087019,-0.003704682307947641,0.22631850778668228
2024-12-18,-0.0197146431776991,-0.0008319905739314303,0.5879485292320842
2024-12-19,-0.0131322030695235,-0.007273617628719608,0.36570571429701054
2024-12-20,0.0156250599511569,-0.005106054925143942,0.31870907799166764
2024-12-23,-0.0006103393307377,-0.004514757816175491,0.3225200937009043
2024-12-24,-0.0044556856921547,-0.005898170716420687,0.4224400450538042
2024-12-26,-0.0103011807724726,-0.0009049295698277474,0.40042236747698934
2024-12-27,-0.0021980501162826,-0.005451862206155522,0.3666819851341912
2024-12-30,-0.0002292416487925,-0.005688863386750603,0.3817394687833851
2025-01-02,0.017757641995348,-0.005995156954545555,0.49030949007036945
2025-01-03,0.0189517614053098,-0.0023726569749344664,0.3874299416904859
2025-01-06,0.0013893520065577,-0.0011306449384683194,0.4183678805579777
2025-01-07,0.0115497528775492,0.0025038813134040483,0.5953314967735324
2025-01-08,0.0003371042774764,0.002172934695640382,0.5860109409501751
2025-01-09,-0.0024296910525212,-0.0019822868342973766,0.46165884607677027
2025-01-10,-0.0104769065986873,0.002762434566701824,0.5644788178497179
2025-01-13,0.0031442026640915,0.00013905325731965843,0.47363327141930167
2025-01-14,-0.0002362736059335,-0.002595148408600601,0.5040953982857833
2025-01-15,0.0122127983329543,0.0005172456482805191,0.5664650132946331
2025-01-16,-0.0015600750732946,0.0008849342165146263,0.43563432166937016
2025-01-17,-0.0013878977562953,0.0015585485686957,0.36272354913264887
2025-01-20,-0.000801892827523,-0.0002972957808189216,0.43854930076337256
2025-01-21,0.0114629030770707,-0.009020243263674827,0.4406864969206436
2025-01-22,-0.0124721372573644,-0.007478463103752948,0.445056276747436
2025-01-23,0.0084358286534795,-0.0002113974955879349,0.48103219889038473
2025-01-24,-0.0076887384950232,-0.00016381452528743077,0.7784771326984563
2025-01-31,-0.0255157345639549,-0.006444176872410689,0.7763455568410781
2025-02-03,0.0112408085240502,0.000946364558299706,0.5210856487457017
2025-02-04,0.0110520944820518,-0.004289462940478302,0.4434140902854536
2025-02-05,0.0108918599879306,-0.006249973582115645,0.45430015641873667
2025-02-06,-0.0058632179939079,-0.005328930212820644,0.39032585241891954
2025-02-07,-0.0002577733551971,-0.0025949628952312083,0.4983411298261597
2025-02-10,0.0070272524931285,0.0017178986196935515,0.48117210999050714
2025-02-11,0.0036717919006541,-0.000723283899240476,0.46809711139046617
2025-02-12,0.0135555396701256,-0.0037547701511297525,0.4495023956658132
2025-02-13,0.0030458720704249,-0.001091767993348032,0.6558389294013806
2025-02-14,0.0074479289663882,-0.002248395351676939,0.4421731669379094
2025-02-17,0.0062590543121165,-0.0012467985417388746,0.8602442691364887
2025-02-18,0.0168774165777216,-0.000282788012236114,0.5618035546574551
2025-02-19,-0.0065570557789582,-0.0016807198546158876,0.4926011569877458
2025-02-20,0.0001959070502666,-0.0032897056441468123,0.3063650692693838
2025-02-21,-0.0035133105942177,-0.000152847043616715,0.37062489851919467
2025-02-24,-0.0056790332250979,-0.002145013903641582,0.5354651985043635
2025-02-25,0.0040976044646079,0.0005566144062337513,0.6955959588779381
2025-02-26,-0.0073496770027334,-0.0019560459190729835,0.6908253640895328
2025-02-27,-0.0345245200181851,-0.0033728309296994032,0.5034824772637544
2025-02-28,-0.0015251795832433,0.000611583969121847,0.5020467546878545
2025-03-04,0.0114841886882315,-0.000747853942575052,0.5724343235664026
2025-03-05,0.0070233952953113,-0.008681285626488525,0.33060195809653015
2025-03-06,-0.0049342077367384,-0.0031084175230821722,0.2954033417966668
2025-03-07,0.0026919279891242,-0.00234971374971011,0.5194758861204288
2025-03-10,-0.0128388859084855,0.0025771902886615036,0.7330902311566563
2025-03-11,0.0145608763013642,-0.0026551416183048186,0.5038975245173437
2025-03-12,-0.0004583895070222,0.0009877601540311763,0.5123340077108253
2025-03-13,-0.0028326867190511,-0.003062154061999558,0.4385797077393853
2025-03-14,0.0171260016779983,-0.0009177926906369788,0.318621870518909
2025-03-17,0.000631817184618,-8.035292589610708e-05,0.4646553805734314
2025-03-18,0.0062126222534759,-0.0013480166669291441,0.4745442019779271
2025-03-19,0.0032208348832831,0.0007297367513682852,0.6812650344777168
2025-03-20,0.002283992409934,-0.002232321117993602,0.4294661600014398
2025-03-21,-0.0041932120889009,0.003394486364097666,0.7511671076838888
2025-03-24,-0.0061968078662415,-0.0045227548864568605,0.7032098751118149
2025-03-25,0.0106964278545413,-0.0003710940526493414,0.5671036514359881
2025-03-26,-0.0140125581469296,-0.0027087444066423148,0.6353194526808171
2025-03-27,-0.0190397861776636,-0.0037437100770722777,0.4435301379273262
2025-03-28,-0.0305078133840961,-0.003959734037364556,0.4662818410302076
2025-03-31,0.0161002656228586,-0.0009748393790432166,0.5082695445059207
2025-04-01,-0.0061783477650303,0.004596973994181403,0.7544323527428346
2025-04-02,-0.0076754587080767,-0.00016597297069765118,0.5977482309496833
2025-04-03,-0.0085943519072051,0.006730796695351869,0.6113294555486278
2025-04-04,-0.057266741544244,0.003951003738440172,0.5147263328275996
2025-04-07,0.0025866354506414,0.0038826347384433415,0.6451341837224029
2025-04-08,-0.0175158380646127,0.00448852559883129,0.7503070241009852
2025-04-09,0.0639034282850055,0.006254122775112576,0.757644207852442
2025-04-10,-0.0050596895824712,0.003932587045500447,0.6888361176627287
2025-04-11,0.0094792480876888,0.008457079868540026,0.6330222160062311
2025-04-14,0.0087244386114289,0.0017161948280597446,0.48227540402950386
2025-04-15,-0.0121751652190313,0.003425579978193657,0.6458216818497673
2025-04-16,0.0093456343669355,0.005791213590341189,0.49587299009525576
2025-04-17,0.0052525136756615,0.008164638245270889,0.5099214949159847
2025-04-18,0.0020113284762182,0.005780807114333806,0.6348325290161833
2025-04-21,-0.0007155692899996,0.006374447789164639,0.6725806460301992
2025-04-22,0.0155304186860405,0.00405417310631105,0.6246066315851454
2025-04-23,-0.0012797427997934,0.005362844430641952,0.7175638411452272
2025-04-24,0.0094582475710325,0.003680807228963088,0.591436630638788
2025-04-25,0.0010048752994675,0.0038698259581277385,0.5103260845041965
2025-04-28,0.0064760075222043,-0.0010408908060692969,0.5663796646235945
2025-04-29,-0.0034400457193983,0.0017721500520220465,0.43351526974770327
2025-04-30,0.0012430616877017,0.003670733324798317,0.6718567657382877
2025-05-02,0.0054581822007033,0.003456497387662297,0.7070266597426843
2025-05-07,0.0022044221544934,0.0018294274212528828,0.6507802632240944
2025-05-08,-0.000857129058148,-0.0004603809903013274,0.46023394857986144
2025-05-09,0.0115960100452126,0.0008610458281631569,0.47656767481304324
2025-05-12,0.0004179648241837,-0.0010294496096601641,0.5868245123531697
2025-05-13,0.012250128900952,-0.003080178860814495,0.3040094706773115
2025-05-14,-0.0073015358791295,-0.0010719311282431435,0.5671071461726493
2025-05-15,0.0020997563081097,-0.0004947575985784813,0.49920794750205083
2025-05-16,-0.0089670580907288,-0.002245160629117469,0.4862251069549702
2025-05-19,-0.0006224520970503,-0.0036690238873844363,0.49925769573297374
2025-05-20,0.0090983108328348,-0.000456824793938197,0.49742907632726696
2025-05-21,-0.0122279628704458,-0.0027466755889848115,0.4071388133388851
2025-05-22,-0.0006093610382631,-0.002777949509146417,0.5175535505941758
2025-05-23,0.0199796963678382,0.0011819750289614208,0.5068798883574283
2025-05-26,-0.0027188644480347,0.0017355048744041944,0.6953692307952412
2025-05-27,0.012409318580163,-0.0012351312645677676,0.47110840838771767
2025-05-28,0.0187324961388188,-0.0034742026541588703,0.5724135319029087
2025-05-29,-0.0084787092678073,-0.00781874810091895,0.5143728238434297
2025-05-30,0.0004817812658046,-0.006261050379786028,0.48976869560805386
2025-06-02,0.0262803045797754,-0.007511857863314169,0.6043137312108453
2025-06-04,0.0147632314031671,-0.007724295318567548,0.3824291492914754
2025-06-05,0.0154277542923866,-0.004070405052414816,0.3690579502046976
2025-06-09,0.0056149123882107,-0.002360124862233045,0.4790302989090987
2025-06-10,0.012178959962223,-0.00014691577982427168,0.5719369430559845
2025-06-11,0.0044585088280229,3.209661729096661e-05,0.6507301659397773
2025-06-12,-0.0087400485849835,-0.0003025726801970365,0.5820672167744622
2025-06-13,0.0178184839204114,-0.0021627383928141254,0.47894308324216106
2025-06-16,0.001234534560961,-0.0012198874272883668,0.41413554387663454
2025-06-17,0.0073921947291299,0.0025799555749639325,0.8069239572812182
2025-06-18,0.0018655687074167,-0.0030628791237696388,0.5210930954053471
2025-06-19,0.0147012938464659,-0.007477692522506737,0.6196521786435897
2025-06-20,-0.0024418903807692,6.325358213064551e-05,0.5620509458848849
2025-06-23,0.0291515892147522,-5.882993994162756e-05,0.5546758102435955
2025-06-24,0.0014842506375085,-0.0013616951558967241,0.3685146565360308
2025-06-25,-0.0092731372133378,0.0008185974777293265,0.6436228738950348
2025-06-26,-0.0076994920338915,-0.0004193204121963131,0.6234349394052618
2025-06-27,0.005143916663064,-0.00027888692647663385,0.5485645793350632
2025-06-30,0.0058266616191229,-0.0007489223250079315,0.4736229612095482
2025-07-01,-0.0047334026226248,-0.0038462747458334417,0.47875211892816105
2025-07-02,0.0133123605421108,-0.007513744834315973,0.41983903447436
2025-07-03,-0.0200928881729076,-0.005743471360292349,0.5204577186454983
2025-07-04,0.0016978127161593,-0.0055763327743236,0.4116576946024114
2025-07-07,0.0179714023976202,-0.004319437344476659,0.6277883058686475
2025-07-08,0.0060140786740312,-0.005576387969725979,0.6031378154678082
2025-07-09,0.0156692251444283,0.00205028915398648,0.7189181091633763
2025-07-10,-0.0023462819381361,0.0010225344515753872,0.6285005180059954
2025-07-11,0.0082348610483684,0.002133630137422977,0.6045321322734928
2025-07-14,0.0041294619797866,0.0007436341080902415,0.6155661978340132
2025-07-15,-0.0090289694649765,-0.0005229282841134794,0.6183838567574406
2025-07-16,0.0018530514013566,0.0011114510190093924,0.5719554103316531
2025-07-17,-0.001322809564149,0.0012968775469123137,0.3389530484822559
2025-07-18,0.0071075237321007,0.002946035740141926,0.6716482949532447
2025-07-21,-0.0128105814937669,-0.0006645771304139574,0.4837174786569474
2025-07-22,0.0043533689268056,0.0011636585797795782,0.6156647559053761
2025-07-23,0.0020959434865517,0.0025703961481667644,0.6720964535665161
2025-07-24,0.0017536996587228,-0.0013269938526669755,0.39149868340015
2025-07-25,0.0042057209131645,0.002112232684072855,0.593710483641501
2025-07-28,0.0065371990031852,0.0015034996036106885,0.4474023993191262
2025-07-29,0.0073708437282817,-0.00032153986028784224,0.4648158167396398
2025-07-30,-0.0027785017975183,-0.0016138881542148268,0.3187787614307667
2025-07-31,-0.0396070528093179,-0.0011097005774245864,0.319008849713293
2025-08-01,0.0090440305245298,-0.007162750358279916,0.2771042268349668
2025-08-04,0.0158377025120888,-0.005874532828566735,0.2731236769548045
2025-08-05,4.3776402650408386e-05,-0.006681413521049175,0.3101307038407935
2025-08-06,0.0091942220894907,-0.005358651851277811,0.3307918706102099
2025-08-07,-0.0054895605020348,-0.006270953446958712,0.27529329695100907
2025-08-08,-0.0010098523793384,-0.006157973647559248,0.21521857402290315
2025-08-11,-0.0052714967899198,-0.0018684574044587658,0.48441929231102976
2025-08-12,0.0107448790948474,-0.00215505118811131,0.3988531779585529
2025-08-13,0.0003999981448767,-0.002995469620737625,0.35157846439996376
2025-08-14,-0.0151120956092416,-0.003913850286730566,0.28756134437853237
2025-08-18,-0.0081279165202268,-0.004073481307834428,0.3215363169160978
2025-08-19,-0.0068358102105818,-0.0009059426306523518,0.3493319417959026
2025-08-20,0.0037150284363214,-0.004358658933552487,0.3596050155830641
2025-08-21,0.0085540901317511,-0.0014947880682295988,0.4622717463973335
2025-08-22,0.0128964457832978,-0.002665157888546673,0.3243155447996341
2025-08-25,-0.0095474038082858,-0.004563364407917653,0.42514312714868263
2025-08-26,0.0024503194532154,-0.006958137975004343,0.2882471175551161
2025-08-27,0.0028699099197009,-0.0007246195482066902,0.4375705091645517
2025-08-28,-0.0032307978334014,-0.009098178539146934,0.36039386184108346
2025-08-29,-0.0136138643623944,-0.0011917038857095252,0.5067092983006091
2025-09-01,0.0093171523122421,-0.004872389717355849,0.4361305154905733
2025-09-02,0.0037975306658442,-0.008115199125740439,0.2334151187202501
2025-09-03,0.0051399823432252,-0.010547674532573114,0.22306640187863389
2025-09-04,0.001339379995576,-0.011427326618571083,0.20715248213002896
2025-09-05,0.0045044910873439,-0.01744066193879949,0.18188440451319618
2025-09-08,0.0124885104275911,-0.011348306337551798,0.41732846392337525
2025-09-09,0.0165733011129702,-0.00015605117330247292,0.5212982730038948
2025-09-10,0.0089116682491496,-0.0019624981726742144,0.5298953417390652
2025-09-11,0.0152353037533412,-0.003534569539346777,0.43832629300169
2025-09-12,0.0034603178798011,-0.006775250415189718,0.2577422857012547
2025-09-15,0.0123409563697602,-0.004684272081888618,0.18322542585519713
2025-09-16,-0.0105552180468144,-0.0055943702683032325,0.2734183954026786
2025-09-17,0.0139353790444261,-0.0065073714062523404,0.2934939994386454
2025-09-18,-0.0046506728250275,-0.0031726983106511275,0.21562405450710315
2025-09-19,0.0067719010463012,-0.0052939725985523736,0.24639554965809593
2025-09-22,0.0050439800735375,-0.006033240350064436,0.32313163954005736
2025-09-23,-0.004038330775943,-0.001724092742068393,0.30909842195075615
2025-09-24,-0.0002966910330322,-0.0006738587317166509,0.4463104242553611
2025-09-25,-0.0248103772445098,-0.0015321117105867614,0.4275260265480421
2025-09-26,0.0132489183602828,-0.0029397069975277304,0.49904290974451276
2025-09-29,-0.0019282920758225,-0.005019854930338027,0.44374507315199313
2025-09-30,0.0090779833444027,-0.005286738534298295,0.272459308384845
2025-10-01,0.0266623835942869,-0.010846518900336492,0.24600249951396932
2025-10-02,0.0171489200089975,-0.009879931486581183,0.325102221467497
2025-10-10,-0.0072410203600608,-0.013328468252856811,0.21386730367114198
2025-10-13,-0.0063641005353254,-0.008542331347985961,0.3475811479027871
2025-10-14,0.0264508591020611,-0.00875766823855274,0.35601293454688754
2025-10-15,0.024601377093619,0.00037832589483811376,0.5826021149244923
2025-10-16,0.0001387173449582,-0.0030467845606399696,0.4464020994075525
2025-10-17,0.0173996070777722,-0.002612816679818218,0.3466143589445377
2025-10-20,0.0023957500661673,-0.0027926955403296447,0.3110384813802649
2025-10-21,0.0155280044358896,0.00022416762521469886,0.3617924910105342
2025-10-22,-0.0098639216998002,-0.002880627443326453,0.35373593861521296
2025-10-23,0.0246649591579011,-0.0016309020082465697,0.4219717299618033
2025-10-24,0.0253607465868199,-0.0030115101169019545,0.5251816962255895
2025-10-27,-0.0080514613095186,-0.0024764690012355835,0.3245841308978662
2025-10-28,0.0174853309644227,-0.005706849716636417,0.35864503705560297
2025-10-29,0.0014054781673173,-0.001957437750434611,0.5268298059627069
2025-10-30,0.0050302813166425,-0.005962552705480224,0.34962624744293763
2025-10-31,0.0274635869285191,-0.004355769005915133,0.2747265029608633
2025-11-03,-0.0240027535555373,-0.010071948576807857,0.3134398178250368
2025-11-04,-0.028876653245506,-0.0014320180060851406,0.45837001084248313
2025-11-05,0.0054863433870764,-0.0032273157463163743,0.28565704079345444
2025-11-06,-0.0182180695649272,-0.002844714021570729,0.5517812503838716
2025-11-07,0.0297717266769588,-0.003983704391259291,0.5380973050196136
2025-11-10,0.0081055454820546,-0.006069016252978738,0.3717070918006335
2025-11-11,0.0106580086928378,-0.0026398760078172982,0.4918572723206593
2025-11-12,0.0048647978053342,-0.0039929774035608444,0.317827126833675
2025-11-13,-0.0388844176450362,-0.002657996194450603,0.3688317427673002
2025-11-14,0.0191788932654368,-0.0020560559362422003,0.480433263246332
2025-11-17,-0.0337299642363877,-0.00011585047090958395,0.6332095240619702
2025-11-18,-0.0061168787462211,-0.000600940335096078,0.6358800115882425
2025-11-19,0.0189913904615242,0.0008000179664067038,0.5641624101569293
2025-11-20,-0.0385865833822549,0.0016280111597364764,0.8264341520916018
2025-11-21,-0.0018702955842329,0.0012550790182743624,0.6041022288085345
2025-11-24,0.0030426408237058,-0.0014892914401993629,0.4197300015818253
2025-11-25,0.0263718096136091,-0.00047733581161226937,0.49961805905494006
2025-11-26,0.0065527966747644,-0.0021331284486882556,0.4231558565616984
2025-11-27,-0.0152451300342786,0.001166439570892556,0.4017709311146375
2025-11-28,-0.0015853276434967,-0.0017061657386357014,0.4221513121472287
2025-12-01,0.0188400200591196,0.00042643593355349614,0.37293733102077503
2025-12-02,0.0103023735874128,-0.004135392496633894,0.4497118235900921
2025-12-03,-0.0019318502042136,-0.002719529155120562,0.4448644816571587
2025-12-04,0.0176025882123056,-0.005816152063713131,0.48524083492414344
2025-12-05,0.0132771578148656,-0.007707616005989131,0.3684482456216127
2025-12-08,-0.0027234182455284,-0.006885515606644025,0.37953226876094626
2025-12-09,-0.0020655798515356,0.0006544118437780307,0.5256991493064884
2025-12-10,-0.0059134597629597,-0.0012128582867563596,0.5157984838448815
2025-12-11,0.0136608799187225,0.0006340499940083737,0.6155835475665257
2025-12-12,-0.0185455347016265,-0.0005649701269207195,0.576300345163455
2025-12-15,-0.0226123764664567,-0.0025384458649207104,0.54949404684664
2025-12-16,0.0142215085294452,-1.9120856100687123e-05,0.422745984515351
2025-12-17,-0.0153774276137212,0.002316847535811014,0.5087810173900571
2025-12-18,0.0064977908138246,0.0012425446551550686,0.5083786699932695
2025-12-19,0.0210135610364226,0.0016788596160155092,0.5700904555993027
2025-12-22,0.0027701960377921,0.001705422033505484,0.5221023107263743
2025-12-23,-0.00211526056448,-0.0002599232377162037,0.46125546317345145
2025-12-24,0.0051127164282558,-0.006156262577874686,0.48771810470317045
2025-12-26,0.0217678985347919,-0.008030739778998215,0.4157008373986012
2025-12-29,-0.0015151643792918,-0.005617104826891291,0.4125129116430783
